USE `aci_bdd`;

--
-- Contenu de la table `aci_contenir`
--

INSERT INTO `aci_contenir` (`IDGROUPE`, `IDGROUPE_1`, `DATEINSERT`) VALUES
(1, 11, '2013-02-14 00:00:00'),
(11, 111, '2013-02-14 00:00:00'),
(111, 1111, '2013-02-14 00:00:00'),
(1111, 11111, '2013-02-14 00:00:00'),
(1111, 11112, '2013-02-14 00:00:00'),
(111, 1112, '2013-02-14 00:00:00'),
(1112, 11121, '2013-02-14 00:00:00'),
(1112, 11122, '2013-02-14 00:00:00'),
(111, 1113, '2013-02-14 00:00:00'),
(1113, 11131, '2013-02-14 00:00:00'),
(1113, 11132, '2013-02-14 00:00:00'),
(11, 112, '2013-02-14 00:00:00'),
(112, 1121, '2013-02-14 00:00:00'),
(1121, 11211, '2013-02-14 00:00:00'),
(1121, 11212, '2013-02-14 00:00:00'),
(112, 1122, '2013-02-14 00:00:00'),
(1122, 11221, '2013-02-14 00:00:00'),
(1122, 11222, '2013-02-14 00:00:00'),
(112, 1123, '2013-02-14 00:00:00'),
(1123, 11231, '2013-02-14 00:00:00'),
(1123, 11232, '2013-02-14 00:00:00'),
(1, 12, '2013-02-14 00:00:00'),
(12, 121, '2013-02-14 00:00:00'),
(121, 1211, '2013-02-14 00:00:00'),
(1211, 12111, '2013-02-14 00:00:00'),
(1211, 12112, '2013-02-14 00:00:00'),
(121, 1212, '2013-02-14 00:00:00'),
(1212, 12121, '2013-02-14 00:00:00'),
(1212, 12122, '2013-02-14 00:00:00'),
(121, 1213, '2013-02-14 00:00:00'),
(1213, 12131, '2013-02-14 00:00:00'),
(1213, 12132, '2013-02-14 00:00:00'),
(12, 122, '2013-02-14 00:00:00'),
(122, 1221, '2013-02-14 00:00:00'),
(1221, 12211, '2013-02-14 00:00:00'),
(1221, 12212, '2013-02-14 00:00:00'),
(122, 1222, '2013-02-14 00:00:00'),
(1222, 12221, '2013-02-14 00:00:00'),
(1222, 12222, '2013-02-14 00:00:00'),
(122, 1223, '2013-02-14 00:00:00'),
(1223, 12231, '2013-02-14 00:00:00'),
(1223, 12232, '2013-02-14 00:00:00'),
(2, 21, '2013-02-14 00:00:00'),
(21, 211, '2013-02-14 00:00:00'),
(211, 2111, '2013-02-14 00:00:00'),
(2111, 21111, '2013-02-14 00:00:00'),
(2111, 21112, '2013-02-14 00:00:00'),
(211, 2112, '2013-02-14 00:00:00'),
(2112, 21121, '2013-02-14 00:00:00'),
(2112, 21122, '2013-02-14 00:00:00'),
(211, 2113, '2013-02-14 00:00:00'),
(2113, 21131, '2013-02-14 00:00:00'),
(2113, 21132, '2013-02-14 00:00:00'),
(21, 212, '2013-02-14 00:00:00'),
(212, 2121, '2013-02-14 00:00:00'),
(2121, 21211, '2013-02-14 00:00:00'),
(2121, 21212, '2013-02-14 00:00:00'),
(212, 2122, '2013-02-14 00:00:00'),
(2122, 21221, '2013-02-14 00:00:00'),
(2122, 21222, '2013-02-14 00:00:00'),
(212, 2123, '2013-02-14 00:00:00'),
(2123, 21231, '2013-02-14 00:00:00'),
(2123, 21232, '2013-02-14 00:00:00'),
(2, 22, '2013-02-14 00:00:00'),
(22, 221, '2013-02-14 00:00:00'),
(221, 2211, '2013-02-14 00:00:00'),
(221, 2212, '2013-02-14 00:00:00'),
(221, 2213, '2013-02-14 00:00:00'),
(221, 2214, '2013-02-14 00:00:00'),
(221, 2215, '2013-02-14 00:00:00'),
(221, 2216, '2013-02-14 00:00:00'),
(221, 2217, '2013-02-14 00:00:00'),
(221, 2218, '2013-02-14 00:00:00'),
(22, 222, '2013-02-14 00:00:00'),
(222, 2221, '2013-02-14 00:00:00'),
(2221, 22211, '2013-02-14 00:00:00'),
(2221, 22212, '2013-02-14 00:00:00'),
(222, 2222, '2013-02-14 00:00:00'),
(2222, 22221, '2013-02-14 00:00:00'),
(2222, 22222, '2013-02-14 00:00:00'),
(3, 31, '2013-02-14 00:00:00'),
(31, 311, '2013-02-14 00:00:00'),
(311, 3111, '2013-02-14 00:00:00'),
(3111, 31111, '2013-02-14 00:00:00'),
(3111, 31112, '2013-02-14 00:00:00'),
(311, 3112, '2013-02-14 00:00:00'),
(3112, 31121, '2013-02-14 00:00:00'),
(3112, 31122, '2013-02-14 00:00:00'),
(311, 3113, '2013-02-14 00:00:00'),
(3113, 31131, '2013-02-14 00:00:00'),
(3113, 31132, '2013-02-14 00:00:00'),
(31, 312, '2013-02-14 00:00:00'),
(312, 3121, '2013-02-14 00:00:00'),
(3121, 31211, '2013-02-14 00:00:00'),
(3121, 31212, '2013-02-14 00:00:00'),
(312, 3122, '2013-02-14 00:00:00'),
(3122, 31221, '2013-02-14 00:00:00'),
(3122, 31222, '2013-02-14 00:00:00'),
(312, 3123, '2013-02-14 00:00:00'),
(3123, 31231, '2013-02-14 00:00:00'),
(3123, 31232, '2013-02-14 00:00:00'),
(3, 32, '2013-02-14 00:00:00'),
(32, 321, '2013-02-14 00:00:00'),
(321, 3211, '2013-02-14 00:00:00'),
(3211, 32111, '2013-02-14 00:00:00'),
(3211, 32112, '2013-02-14 00:00:00'),
(321, 3212, '2013-02-14 00:00:00'),
(3212, 32121, '2013-02-14 00:00:00'),
(3212, 32122, '2013-02-14 00:00:00'),
(321, 3213, '2013-02-14 00:00:00'),
(3213, 32131, '2013-02-14 00:00:00'),
(3213, 32132, '2013-02-14 00:00:00'),
(32, 322, '2013-02-14 00:00:00'),
(322, 3221, '2013-02-14 00:00:00'),
(3221, 32211, '2013-02-14 00:00:00'),
(3221, 32212, '2013-02-14 00:00:00'),
(322, 3222, '2013-02-14 00:00:00'),
(3222, 32221, '2013-02-14 00:00:00'),
(3222, 32222, '2013-02-14 00:00:00'),
(322, 3223, '2013-02-14 00:00:00'),
(3223, 32231, '2013-02-14 00:00:00'),
(3223, 32232, '2013-02-14 00:00:00');

--
-- Contenu de la table `aci_evenement`
--

INSERT INTO `aci_evenement` (`IDEVENEMENT`, `IDUTILISATEUR`, `IDPRIORITE`, `IDLIEU`, `LIBELLELONG`, `LIBELLECOURT`, `DESCRIPTION`, `DATEDEBUT`, `DATEFIN`, `ESTPUBLIC`, `DATEINSERT`) VALUES
(14, 1, 2, NULL, 'Jury S2/S4', 'Jury', 'Le jury des semestres 2 et 4, le moment du petit passage pour certains, du grand saut pour les autres !', '2013-06-26 00:00:00', NULL, 1, '2013-02-22 00:37:42'),
(13, 1, 1, NULL, 'Soutenances de stages', 'Sta2A', 'Les soutenances de stage, de retour à l''IUT.', '2013-06-19 00:00:00', '2013-06-21 23:59:00', 1, '2013-02-22 00:36:07'),
(11, 1, 2, NULL, 'Remise Rapports 1A', 'Rap1A', 'Remise des rapports finaux.', '2013-06-05 00:00:00', NULL, 1, '2013-02-22 00:00:00'),
(10, 1, 2, NULL, 'Fiche lecture 1A', 'Lec1A', 'Remise des fiches de relecture pour les rapports de projet 1A. Correction, maintenant !', '2013-05-31 00:00:00', NULL, 1, '2013-02-22 00:00:00'),
(9, 1, 2, NULL, 'Echange Rapports 1A', 'Rap1A', 'L''échange des rapports de projet 1A.', '2013-05-27 00:00:00', NULL, 1, '2013-02-22 00:00:00'),
(8, 1, 2, 'Campus 3', 'Conseil de département', 'CoDep', 'Le deuxième conseil de département.', '2013-05-23 00:00:00', '2013-05-23 23:59:00', 1, '2013-02-22 00:00:00'),
(5, 1, 2, NULL, 'Stage 2A', 'Stage', 'Début des stages des secondes années en entreprise, le grand saut !', '2013-04-02 00:00:00', NULL, 1, '2013-02-22 00:00:00'),
(4, 1, 2, NULL, 'Fin du S4', 'FinS4', 'Fin du Semestre 4. Au revoir, chers seconde années !', '2013-03-29 18:00:00', NULL, 1, '2013-02-22 00:00:00');

--
-- Contenu de la table `aci_groupe`
--

INSERT INTO `aci_groupe` (`IDGROUPE`, `LIBELLE`, `DATEINSERT`) VALUES
(0, 'Administrateurs', '2013-02-14 00:00:00'),
(1, 'Information-Communication', '2013-02-14 00:00:00'),
(11, '1ère Année', '2013-02-14 00:00:00'),
(111, 'Semestre 1', '2013-02-14 00:00:00'),
(1111, 'TD1', '2013-02-14 00:00:00'),
(11111, 'TP1', '2013-02-14 00:00:00'),
(11112, 'TP2', '2013-02-14 00:00:00'),
(1112, 'TD2', '2013-02-14 00:00:00'),
(11121, 'TP1', '2013-02-14 00:00:00'),
(11122, 'TP2', '2013-02-14 00:00:00'),
(1113, 'TD3', '2013-02-14 00:00:00'),
(11131, 'TP1', '2013-02-14 00:00:00'),
(11132, 'TP2', '2013-02-14 00:00:00'),
(112, 'Semestre 2', '2013-02-14 00:00:00'),
(1121, 'TD1', '2013-02-14 00:00:00'),
(11211, 'TP1', '2013-02-14 00:00:00'),
(11212, 'TP2', '2013-02-14 00:00:00'),
(1122, 'TD2', '2013-02-14 00:00:00'),
(11221, 'TP1', '2013-02-14 00:00:00'),
(11222, 'TP2', '2013-02-14 00:00:00'),
(1123, 'TD3', '2013-02-14 00:00:00'),
(11231, 'TP1', '2013-02-14 00:00:00'),
(11232, 'TP2', '2013-02-14 00:00:00'),
(12, '2ème Année', '2013-02-14 00:00:00'),
(121, 'Semestre 3', '2013-02-14 00:00:00'),
(1211, 'TD1', '2013-02-14 00:00:00'),
(12111, 'TP1', '2013-02-14 00:00:00'),
(12112, 'TP2', '2013-02-14 00:00:00'),
(1212, 'TD2', '2013-02-14 00:00:00'),
(12121, 'TP1', '2013-02-14 00:00:00'),
(12122, 'TP2', '2013-02-14 00:00:00'),
(1213, 'TD3', '2013-02-14 00:00:00'),
(12131, 'TP1', '2013-02-14 00:00:00'),
(12132, 'TP2', '2013-02-14 00:00:00'),
(122, 'Semestre 4', '2013-02-14 00:00:00'),
(1221, 'TD1', '2013-02-14 00:00:00'),
(12211, 'TP1', '2013-02-14 00:00:00'),
(12212, 'TP2', '2013-02-14 00:00:00'),
(1222, 'TD2', '2013-02-14 00:00:00'),
(12221, 'TP1', '2013-02-14 00:00:00'),
(12222, 'TP2', '2013-02-14 00:00:00'),
(1223, 'TD3', '2013-02-14 00:00:00'),
(12231, 'TP1', '2013-02-14 00:00:00'),
(12232, 'TP2', '2013-02-14 00:00:00'),
(2, 'Informatique', '2013-02-14 00:00:00'),
(21, '1ère Année', '2013-02-14 00:00:00'),
(211, 'Semestre 1', '2013-02-14 00:00:00'),
(2111, 'TD1', '2013-02-14 00:00:00'),
(21111, 'TP1', '2013-02-14 00:00:00'),
(21112, 'TP2', '2013-02-14 00:00:00'),
(2112, 'TD2', '2013-02-14 00:00:00'),
(21121, 'TP1', '2013-02-14 00:00:00'),
(21122, 'TP2', '2013-02-14 00:00:00'),
(2113, 'TD3', '2013-02-14 00:00:00'),
(21131, 'TP1', '2013-02-14 00:00:00'),
(21132, 'TP2', '2013-02-14 00:00:00'),
(212, 'Semestre 2', '2013-02-14 00:00:00'),
(2121, 'TD1', '2013-02-14 00:00:00'),
(21211, 'TP1', '2013-02-14 00:00:00'),
(21212, 'TP2', '2013-02-14 00:00:00'),
(2122, 'TD2', '2013-02-14 00:00:00'),
(21221, 'TP1', '2013-02-14 00:00:00'),
(21222, 'TP2', '2013-02-14 00:00:00'),
(2123, 'TD3', '2013-02-14 00:00:00'),
(21231, 'TP1', '2013-02-14 00:00:00'),
(21232, 'TP2', '2013-02-14 00:00:00'),
(22, '2ème Année', '2013-02-14 00:00:00'),
(221, 'Semestre 3', '2013-02-14 00:00:00'),
(2211, 'TD1', '2013-02-14 00:00:00'),
(2212, 'TD2', '2013-02-14 00:00:00'),
(2213, 'TD3', '2013-02-14 00:00:00'),
(2214, 'TP1', '2013-02-14 00:00:00'),
(2215, 'TP2', '2013-02-14 00:00:00'),
(2216, 'TP3', '2013-02-14 00:00:00'),
(2217, 'TP4', '2013-02-14 00:00:00'),
(2218, 'TP5', '2013-02-14 00:00:00'),
(222, 'Semestre 4', '2013-02-14 00:00:00'),
(2221, 'TD1', '2013-02-14 00:00:00'),
(22211, 'TP1', '2013-02-14 00:00:00'),
(22212, 'TP2', '2013-02-14 00:00:00'),
(2222, 'TD2', '2013-02-14 00:00:00'),
(22221, 'TP1', '2013-02-14 00:00:00'),
(22222, 'TP2', '2013-02-14 00:00:00'),
(3, 'Réseaux et Télécommunication', '2013-02-14 00:00:00'),
(31, '1ère Année', '2013-02-14 00:00:00'),
(311, 'Semestre 1', '2013-02-14 00:00:00'),
(3111, 'TD1', '2013-02-14 00:00:00'),
(31111, 'TP1', '2013-02-14 00:00:00'),
(31112, 'TP2', '2013-02-14 00:00:00'),
(3112, 'TD2', '2013-02-14 00:00:00'),
(31121, 'TP1', '2013-02-14 00:00:00'),
(31122, 'TP2', '2013-02-14 00:00:00'),
(3113, 'TD3', '2013-02-14 00:00:00'),
(31131, 'TP1', '2013-02-14 00:00:00'),
(31132, 'TP2', '2013-02-14 00:00:00'),
(312, 'Semestre 2', '2013-02-14 00:00:00'),
(3121, 'TD1', '2013-02-14 00:00:00'),
(31211, 'TP1', '2013-02-14 00:00:00'),
(31212, 'TP2', '2013-02-14 00:00:00'),
(3122, 'TD2', '2013-02-14 00:00:00'),
(31221, 'TP1', '2013-02-14 00:00:00'),
(31222, 'TP2', '2013-02-14 00:00:00'),
(3123, 'TD3', '2013-02-14 00:00:00'),
(31231, 'TP1', '2013-02-14 00:00:00'),
(31232, 'TP2', '2013-02-14 00:00:00'),
(32, '2ème année', '2013-02-14 00:00:00'),
(321, 'Semestre 3', '2013-02-14 00:00:00'),
(3211, 'TD1', '2013-02-14 00:00:00'),
(32111, 'TP1', '2013-02-14 00:00:00'),
(32112, 'TP2', '2013-02-14 00:00:00'),
(3212, 'TD2', '2013-02-14 00:00:00'),
(32121, 'TP1', '2013-02-14 00:00:00'),
(32122, 'TP2', '2013-02-14 00:00:00'),
(3213, 'TD3', '2013-02-14 00:00:00'),
(32131, 'TP1', '2013-02-14 00:00:00'),
(32132, 'TP2', '2013-02-14 00:00:00'),
(322, 'Semestre 4', '2013-02-14 00:00:00'),
(3221, 'TD1', '2013-02-14 00:00:00'),
(32211, 'TP1', '2013-02-14 00:00:00'),
(32212, 'TP2', '2013-02-14 00:00:00'),
(3222, 'TD2', '2013-02-14 00:00:00'),
(32221, 'TP1', '2013-02-14 00:00:00'),
(32222, 'TP2', '2013-02-14 00:00:00'),
(3223, 'TD3', '2013-02-14 00:00:00'),
(32231, 'TP1', '2013-02-14 00:00:00'),
(32232, 'TP2', '2013-02-14 00:00:00');

--
-- Contenu de la table `aci_lieu`
--

INSERT INTO `aci_lieu` (`IDLIEU`, `LIBELLE`, `CATEGORIE`, `DATEINSERT`) VALUES
(101, 'Caen', 'Ville', '2013-03-04 21:46:18'),
(102, 'Ifs', 'Ville', '2013-03-04 21:46:18'),
(1011, 'Campus 1', 'Campus', '2013-03-04 21:46:18'),
(1012, 'Campus 2', 'Campus', '2013-03-04 21:46:18'),
(1023, 'Campus 3', 'Campus', '2013-03-04 21:46:18'),
(1014, 'Campus 4', 'Campus', '2013-03-04 21:46:18'),
(10231, 'IUT Ifs', 'Batiment', '2013-03-04 21:46:18'),
(10232, 'Restaurant Universitaire', 'Batiment', '2013-03-04 21:46:18'),
(10233, 'Bibliothèque Universitaire', 'Batiment', '2013-03-04 21:46:18'),
(10233145, '3145', 'Salle', '2013-03-04 21:46:18'),
(10232235, '2235', 'Salle', '2013-03-04 21:46:18'),
(10232236, '2236', 'Salle', '2013-03-04 21:46:18'),
(10232237, '2237', 'Salle', '2013-03-04 21:46:18'),
(10231106, '1106', 'Salle', '2013-03-04 21:46:18'),
(10231110, '1110', 'Salle', '2013-03-04 21:46:18'),
(10231109, '1109', 'Salle', '2013-03-04 21:46:18');

--
-- Contenu de la table `aci_priorite`
--

INSERT INTO `aci_priorite` (`IDPRIORITE`, `LIBELLEPRIORITE`, `DATEINSERT`) VALUES
(1, 'Haute', '2013-02-14 15:40:29'),
(2, 'Normal', '2013-02-14 15:40:29'),
(3, 'Basse', '2013-02-14 15:40:29');
--
-- Contenu de la table `aci_utilisateur`
--

INSERT INTO `aci_utilisateur` (`IDUTILISATEUR`, `NOM`, `PRENOM`, `ADRESSE_MAIL`, `IDENTIFIANT_DE_CONNEXION`, `PASS`, `RAPPELACTIVE`, `NOTIFICATIONACTIVE`, `RAPPELHAUTE`, `RAPPELMOYENNE`, `RAPPELBASSE`, `DATEINSERT`) VALUES
(1, 'IFS', 'IUT', 'noreply@agendactifs.com', 'admin', '21232f297a57a5a743894a0e4a801fc3', 0, 0, '00 00 00 12 00', '01 00 00 00 00', '00 00 00 00 00', '2013-02-17 17:28:08');